Timestamp,Source IP,Destination IP,Protocol,Source Port,Destination Port,Packet Length,Payload,Label
1757487084.134767,192.168.1.115,8.8.8.8,ICMP,,,52,,Benign
1757487084.1376436,192.168.1.107,8.8.8.8,ICMP,,,52,,Benign
1757487084.1401453,192.168.1.152,8.8.8.8,ICMP,,,52,,Benign
1757487084.1425743,192.168.1.168,8.8.8.8,ICMP,,,52,,Benign
1757487084.14558,192.168.1.220,8.8.8.8,ICMP,,,52,,Benign
1757487084.148436,192.168.1.164,8.8.8.8,ICMP,,,52,,Benign
1757487084.1509268,192.168.1.43,8.8.8.8,ICMP,,,52,,Benign
1757487084.1533377,192.168.1.148,8.8.8.8,ICMP,,,52,,Benign
1757487084.1557183,192.168.1.17,8.8.8.8,ICMP,,,52,,Benign
1757487084.1581275,192.168.1.136,8.8.8.8,ICMP,,,52,,Benign
1757487084.1605766,192.168.1.80,8.8.8.8,ICMP,,,53,,Benign
1757487084.1630528,192.168.1.91,8.8.8.8,ICMP,,,53,,Benign
1757487084.1656816,192.168.1.117,8.8.8.8,ICMP,,,53,,Benign
1757487084.16821,192.168.1.181,8.8.8.8,ICMP,,,53,,Benign
1757487084.1705399,192.168.1.122,8.8.8.8,ICMP,,,53,,Benign
1757487084.173702,192.168.1.184,8.8.8.8,ICMP,,,53,,Benign
1757487084.1760795,192.168.1.143,8.8.8.8,ICMP,,,53,,Benign
1757487084.1785781,192.168.1.156,8.8.8.8,ICMP,,,53,,Benign
1757487084.18154,192.168.1.72,8.8.8.8,ICMP,,,53,,Benign
1757487084.1840842,192.168.1.216,8.8.8.8,ICMP,,,53,,Benign
1757487084.1864722,192.168.1.105,8.8.8.8,ICMP,,,53,,Benign
1757487084.188823,192.168.1.198,8.8.8.8,ICMP,,,53,,Benign
1757487084.1911833,192.168.1.161,8.8.8.8,ICMP,,,53,,Benign
1757487084.1935463,192.168.1.160,8.8.8.8,ICMP,,,53,,Benign
1757487084.1960764,192.168.1.61,8.8.8.8,ICMP,,,53,,Benign
1757487084.198876,192.168.1.122,8.8.8.8,ICMP,,,53,,Benign
1757487084.201226,192.168.1.111,8.8.8.8,ICMP,,,53,,Benign
1757487084.2038066,192.168.1.230,8.8.8.8,ICMP,,,53,,Benign
1757487084.2061625,192.168.1.113,8.8.8.8,ICMP,,,53,,Benign
1757487084.208513,192.168.1.78,8.8.8.8,ICMP,,,53,,Benign
1757487084.2113357,192.168.1.5,8.8.8.8,ICMP,,,53,,Benign
1757487084.2137525,192.168.1.62,8.8.8.8,ICMP,,,53,,Benign
1757487084.216451,192.168.1.207,8.8.8.8,ICMP,,,53,,Benign
1757487084.2195275,192.168.1.33,8.8.8.8,ICMP,,,53,,Benign
1757487084.2225735,192.168.1.168,8.8.8.8,ICMP,,,53,,Benign
1757487084.2251236,192.168.1.166,8.8.8.8,ICMP,,,53,,Benign
1757487084.2277455,192.168.1.142,8.8.8.8,ICMP,,,53,,Benign
1757487084.2302458,192.168.1.62,8.8.8.8,ICMP,,,53,,Benign
1757487084.233117,192.168.1.154,8.8.8.8,ICMP,,,53,,Benign
1757487084.2355928,192.168.1.238,8.8.8.8,ICMP,,,53,,Benign
1757487084.2384636,192.168.1.5,8.8.8.8,ICMP,,,53,,Benign
1757487084.2415442,192.168.1.68,8.8.8.8,ICMP,,,53,,Benign
1757487084.2442422,192.168.1.180,8.8.8.8,ICMP,,,53,,Benign
1757487084.246675,192.168.1.107,8.8.8.8,ICMP,,,53,,Benign
1757487084.2490852,192.168.1.221,8.8.8.8,ICMP,,,53,,Benign
1757487084.2514403,192.168.1.147,8.8.8.8,ICMP,,,53,,Benign
1757487084.2537985,192.168.1.117,8.8.8.8,ICMP,,,53,,Benign
1757487084.2561543,192.168.1.40,8.8.8.8,ICMP,,,53,,Benign
1757487084.2588217,192.168.1.22,8.8.8.8,ICMP,,,53,,Benign
1757487084.261777,192.168.1.128,8.8.8.8,ICMP,,,53,,Benign
1757487084.2641764,192.168.1.169,8.8.8.8,ICMP,,,53,,Benign
1757487084.2674592,192.168.1.232,8.8.8.8,ICMP,,,53,,Benign
1757487084.270027,192.168.1.252,8.8.8.8,ICMP,,,53,,Benign
1757487084.2728758,192.168.1.146,8.8.8.8,ICMP,,,53,,Benign
1757487084.2757287,192.168.1.111,8.8.8.8,ICMP,,,53,,Benign
1757487084.2786038,192.168.1.123,8.8.8.8,ICMP,,,53,,Benign
1757487084.281622,192.168.1.189,8.8.8.8,ICMP,,,53,,Benign
1757487084.284165,192.168.1.202,8.8.8.8,ICMP,,,53,,Benign
1757487084.2867198,192.168.1.157,8.8.8.8,ICMP,,,53,,Benign
1757487084.2893133,192.168.1.83,8.8.8.8,ICMP,,,53,,Benign
1757487084.2915988,192.168.1.150,8.8.8.8,ICMP,,,53,,Benign
1757487084.2940948,192.168.1.93,8.8.8.8,ICMP,,,53,,Benign
1757487084.296995,192.168.1.232,8.8.8.8,ICMP,,,53,,Benign
1757487084.2998624,192.168.1.232,8.8.8.8,ICMP,,,53,,Benign
1757487084.302705,192.168.1.93,8.8.8.8,ICMP,,,53,,Benign
1757487084.3055925,192.168.1.234,8.8.8.8,ICMP,,,53,,Benign
1757487084.3079746,192.168.1.103,8.8.8.8,ICMP,,,53,,Benign
1757487084.3108342,192.168.1.95,8.8.8.8,ICMP,,,53,,Benign
1757487084.3132348,192.168.1.253,8.8.8.8,ICMP,,,53,,Benign
1757487084.3155944,192.168.1.21,8.8.8.8,ICMP,,,53,,Benign
1757487084.3179524,192.168.1.13,8.8.8.8,ICMP,,,53,,Benign
1757487084.320317,192.168.1.247,8.8.8.8,ICMP,,,53,,Benign
1757487084.3226814,192.168.1.187,8.8.8.8,ICMP,,,53,,Benign
1757487084.325115,192.168.1.148,8.8.8.8,ICMP,,,53,,Benign
1757487084.32746,192.168.1.176,8.8.8.8,ICMP,,,53,,Benign
1757487084.3298244,192.168.1.68,8.8.8.8,ICMP,,,53,,Benign
1757487084.3321855,192.168.1.207,8.8.8.8,ICMP,,,53,,Benign
1757487084.3345683,192.168.1.151,8.8.8.8,ICMP,,,53,,Benign
1757487084.3369198,192.168.1.29,8.8.8.8,ICMP,,,53,,Benign
1757487084.3392677,192.168.1.212,8.8.8.8,ICMP,,,53,,Benign
1757487084.3417065,192.168.1.120,8.8.8.8,ICMP,,,53,,Benign
1757487084.3443618,192.168.1.67,8.8.8.8,ICMP,,,53,,Benign
1757487084.3476803,192.168.1.42,8.8.8.8,ICMP,,,53,,Benign
1757487084.350046,192.168.1.190,8.8.8.8,ICMP,,,53,,Benign
1757487084.352395,192.168.1.160,8.8.8.8,ICMP,,,53,,Benign
1757487084.3547559,192.168.1.177,8.8.8.8,ICMP,,,53,,Benign
1757487084.3571434,192.168.1.191,8.8.8.8,ICMP,,,53,,Benign
1757487084.3606908,192.168.1.25,8.8.8.8,ICMP,,,53,,Benign
1757487084.3630528,192.168.1.38,8.8.8.8,ICMP,,,53,,Benign
1757487084.3657146,192.168.1.120,8.8.8.8,ICMP,,,53,,Benign
1757487084.3680606,192.168.1.37,8.8.8.8,ICMP,,,53,,Benign
1757487084.37073,192.168.1.93,8.8.8.8,ICMP,,,53,,Benign
1757487084.3731215,192.168.1.163,8.8.8.8,ICMP,,,53,,Benign
1757487084.375537,192.168.1.106,8.8.8.8,ICMP,,,53,,Benign
1757487084.3782144,192.168.1.40,8.8.8.8,ICMP,,,53,,Benign
1757487084.3806045,192.168.1.201,8.8.8.8,ICMP,,,53,,Benign
1757487084.3829827,192.168.1.107,8.8.8.8,ICMP,,,53,,Benign
1757487084.3857582,192.168.1.8,8.8.8.8,ICMP,,,53,,Benign
1757487084.388131,192.168.1.251,8.8.8.8,ICMP,,,53,,Benign
1757487084.3905005,192.168.1.142,8.8.8.8,ICMP,,,53,,Benign
1757487084.392859,192.168.1.250,8.8.8.8,ICMP,,,54,,Benign
1757487084.3952155,192.168.1.246,8.8.8.8,ICMP,,,54,,Benign
1757487084.3975642,192.168.1.68,8.8.8.8,ICMP,,,54,,Benign
1757487084.3999307,192.168.1.122,8.8.8.8,ICMP,,,54,,Benign
1757487084.402307,192.168.1.207,8.8.8.8,ICMP,,,54,,Benign
1757487084.4046865,192.168.1.117,8.8.8.8,ICMP,,,54,,Benign
1757487084.4070477,192.168.1.198,8.8.8.8,ICMP,,,54,,Benign
1757487084.4098015,192.168.1.181,8.8.8.8,ICMP,,,54,,Benign
1757487084.4121659,192.168.1.208,8.8.8.8,ICMP,,,54,,Benign
1757487084.4145503,192.168.1.53,8.8.8.8,ICMP,,,54,,Benign
1757487084.4169123,192.168.1.196,8.8.8.8,ICMP,,,54,,Benign
1757487084.4192624,192.168.1.66,8.8.8.8,ICMP,,,54,,Benign
1757487084.421872,192.168.1.82,8.8.8.8,ICMP,,,54,,Benign
1757487084.4243948,192.168.1.11,8.8.8.8,ICMP,,,54,,Benign
1757487084.4272676,192.168.1.125,8.8.8.8,ICMP,,,54,,Benign
1757487084.4301267,192.168.1.7,8.8.8.8,ICMP,,,54,,Benign
1757487084.4329784,192.168.1.205,8.8.8.8,ICMP,,,54,,Benign
1757487084.4358346,192.168.1.139,8.8.8.8,ICMP,,,54,,Benign
1757487084.4388638,192.168.1.222,8.8.8.8,ICMP,,,54,,Benign
1757487084.441418,192.168.1.145,8.8.8.8,ICMP,,,54,,Benign
1757487084.4439833,192.168.1.81,8.8.8.8,ICMP,,,54,,Benign
1757487084.446348,192.168.1.233,8.8.8.8,ICMP,,,54,,Benign
1757487084.4487004,192.168.1.67,8.8.8.8,ICMP,,,54,,Benign
1757487084.4510477,192.168.1.157,8.8.8.8,ICMP,,,54,,Benign
1757487084.4534454,192.168.1.237,8.8.8.8,ICMP,,,54,,Benign
1757487084.4557922,192.168.1.174,8.8.8.8,ICMP,,,54,,Benign
1757487084.4581523,192.168.1.166,8.8.8.8,ICMP,,,54,,Benign
1757487084.4608827,192.168.1.86,8.8.8.8,ICMP,,,54,,Benign
1757487084.4632912,192.168.1.169,8.8.8.8,ICMP,,,54,,Benign
1757487084.465703,192.168.1.181,8.8.8.8,ICMP,,,54,,Benign
1757487084.4680617,192.168.1.170,8.8.8.8,ICMP,,,54,,Benign
1757487084.4704285,192.168.1.42,8.8.8.8,ICMP,,,54,,Benign
1757487084.4727957,192.168.1.58,8.8.8.8,ICMP,,,54,,Benign
1757487084.4752536,192.168.1.89,8.8.8.8,ICMP,,,54,,Benign
1757487084.4786034,192.168.1.143,8.8.8.8,ICMP,,,54,,Benign
1757487084.4819307,192.168.1.12,8.8.8.8,ICMP,,,54,,Benign
1757487084.4842918,192.168.1.68,8.8.8.8,ICMP,,,54,,Benign
1757487084.4866524,192.168.1.196,8.8.8.8,ICMP,,,54,,Benign
1757487084.4890013,192.168.1.242,8.8.8.8,ICMP,,,54,,Benign
1757487084.4913623,192.168.1.100,8.8.8.8,ICMP,,,54,,Benign
1757487084.4937065,192.168.1.11,8.8.8.8,ICMP,,,54,,Benign
1757487084.4960637,192.168.1.220,8.8.8.8,ICMP,,,54,,Benign
1757487084.4984128,192.168.1.103,8.8.8.8,ICMP,,,54,,Benign
1757487084.5007885,192.168.1.231,8.8.8.8,ICMP,,,54,,Benign
1757487084.5031638,192.168.1.226,8.8.8.8,ICMP,,,54,,Benign
1757487084.5059977,192.168.1.115,8.8.8.8,ICMP,,,54,,Benign
1757487084.5083492,192.168.1.90,8.8.8.8,ICMP,,,54,,Benign
1757487084.5107062,192.168.1.50,8.8.8.8,ICMP,,,54,,Benign
1757487084.5130575,192.168.1.175,8.8.8.8,ICMP,,,54,,Benign
1757487084.516071,192.168.1.251,8.8.8.8,ICMP,,,54,,Benign
1757487084.5184233,192.168.1.85,8.8.8.8,ICMP,,,54,,Benign
1757487084.5207803,192.168.1.55,8.8.8.8,ICMP,,,54,,Benign
1757487084.5236452,192.168.1.252,8.8.8.8,ICMP,,,54,,Benign
1757487084.5261648,192.168.1.157,8.8.8.8,ICMP,,,54,,Benign
1757487084.5285335,192.168.1.41,8.8.8.8,ICMP,,,54,,Benign
1757487084.5309098,192.168.1.181,8.8.8.8,ICMP,,,54,,Benign
1757487084.5332603,192.168.1.18,8.8.8.8,ICMP,,,54,,Benign
1757487084.5356224,192.168.1.106,8.8.8.8,ICMP,,,54,,Benign
1757487084.5380104,192.168.1.224,8.8.8.8,ICMP,,,54,,Benign
1757487084.5404122,192.168.1.147,8.8.8.8,ICMP,,,54,,Benign
1757487084.5427754,192.168.1.10,8.8.8.8,ICMP,,,54,,Benign
1757487084.5451522,192.168.1.122,8.8.8.8,ICMP,,,54,,Benign
1757487084.5475237,192.168.1.45,8.8.8.8,ICMP,,,54,,Benign
1757487084.549888,192.168.1.131,8.8.8.8,ICMP,,,54,,Benign
1757487084.5522885,192.168.1.94,8.8.8.8,ICMP,,,54,,Benign
1757487084.5546608,192.168.1.25,8.8.8.8,ICMP,,,54,,Benign
1757487084.5570076,192.168.1.83,8.8.8.8,ICMP,,,54,,Benign
1757487084.5593576,192.168.1.116,8.8.8.8,ICMP,,,54,,Benign
1757487084.561705,192.168.1.20,8.8.8.8,ICMP,,,54,,Benign
1757487084.5640569,192.168.1.148,8.8.8.8,ICMP,,,54,,Benign
1757487084.5664124,192.168.1.208,8.8.8.8,ICMP,,,54,,Benign
1757487084.5687642,192.168.1.112,8.8.8.8,ICMP,,,54,,Benign
1757487084.5711691,192.168.1.234,8.8.8.8,ICMP,,,54,,Benign
1757487084.5735373,192.168.1.127,8.8.8.8,ICMP,,,54,,Benign
1757487084.5759294,192.168.1.92,8.8.8.8,ICMP,,,54,,Benign
1757487084.5783038,192.168.1.157,8.8.8.8,ICMP,,,54,,Benign
1757487084.5807338,192.168.1.243,8.8.8.8,ICMP,,,54,,Benign
1757487084.5831676,192.168.1.161,8.8.8.8,ICMP,,,54,,Benign
1757487084.5862691,192.168.1.18,8.8.8.8,ICMP,,,54,,Benign
1757487084.5888073,192.168.1.91,8.8.8.8,ICMP,,,54,,Benign
1757487084.5918474,192.168.1.191,8.8.8.8,ICMP,,,54,,Benign
1757487084.5945787,192.168.1.147,8.8.8.8,ICMP,,,54,,Benign
1757487084.5970917,192.168.1.212,8.8.8.8,ICMP,,,54,,Benign
1757487084.5999384,192.168.1.148,8.8.8.8,ICMP,,,54,,Benign
1757487084.6024394,192.168.1.241,8.8.8.8,ICMP,,,54,,Benign
1757487084.6052916,192.168.1.22,8.8.8.8,ICMP,,,54,,Benign
1757487084.6081355,192.168.1.237,8.8.8.8,ICMP,,,54,,Benign
1757487084.6112401,192.168.1.93,8.8.8.8,ICMP,,,54,,Benign
1757487084.6143117,192.168.1.250,8.8.8.8,ICMP,,,54,,Benign
1757487084.6173565,192.168.1.181,8.8.8.8,ICMP,,,54,,Benign
1757487084.6199121,192.168.1.237,8.8.8.8,ICMP,,,54,,Benign
1757487084.622468,192.168.1.146,8.8.8.8,ICMP,,,54,,Benign
1757487084.6250556,192.168.1.208,8.8.8.8,ICMP,,,54,,Benign
1757487084.6277115,192.168.1.118,8.8.8.8,ICMP,,,54,,Benign
1757487084.6300457,192.168.1.63,8.8.8.8,ICMP,,,54,,Benign
1757487084.6323957,192.168.1.80,8.8.8.8,ICMP,,,54,,Benign
1757487084.6347625,192.168.1.68,8.8.8.8,ICMP,,,54,,Benign
1757487084.6375918,192.168.1.239,8.8.8.8,ICMP,,,54,,Benign
1757487084.6400213,192.168.1.227,8.8.8.8,ICMP,,,54,,Benign
1757487084.6424344,192.168.1.73,8.8.8.8,ICMP,,,54,,Benign
1757487084.6448314,192.168.1.242,8.8.8.8,ICMP,,,54,,Benign
1757487084.647207,192.168.1.112,8.8.8.8,ICMP,,,54,,Benign
1757487084.6495628,192.168.1.241,8.8.8.8,ICMP,,,54,,Benign
1757487084.6522746,192.168.1.184,8.8.8.8,ICMP,,,54,,Benign
1757487084.6546264,192.168.1.22,8.8.8.8,ICMP,,,54,,Benign
1757487084.6569695,192.168.1.79,8.8.8.8,ICMP,,,54,,Benign
1757487084.6593177,192.168.1.39,8.8.8.8,ICMP,,,54,,Benign
1757487084.6618042,192.168.1.247,8.8.8.8,ICMP,,,54,,Benign
1757487084.6641836,192.168.1.22,8.8.8.8,ICMP,,,54,,Benign
1757487084.666553,192.168.1.179,8.8.8.8,ICMP,,,54,,Benign
1757487084.6693125,192.168.1.181,8.8.8.8,ICMP,,,54,,Benign
1757487084.672321,192.168.1.47,8.8.8.8,ICMP,,,54,,Benign
1757487084.6746519,192.168.1.120,8.8.8.8,ICMP,,,54,,Benign
1757487084.6773267,192.168.1.26,8.8.8.8,ICMP,,,54,,Benign
1757487084.679669,192.168.1.4,8.8.8.8,ICMP,,,54,,Benign
1757487084.6823332,192.168.1.208,8.8.8.8,ICMP,,,54,,Benign
1757487084.6846833,192.168.1.43,8.8.8.8,ICMP,,,54,,Benign
1757487084.6870358,192.168.1.131,8.8.8.8,ICMP,,,54,,Benign
1757487084.68945,192.168.1.116,8.8.8.8,ICMP,,,54,,Benign
1757487084.6920176,192.168.1.187,8.8.8.8,ICMP,,,54,,Benign
1757487084.6953857,10.0.0.5,192.168.1.100,TCP,20,80,51,' OR 1=1 --,Signature-SQLi
1757487084.6977289,10.0.0.5,192.168.1.100,TCP,20,80,51,' OR 1=1 --,Signature-SQLi
1757487084.6999657,10.0.0.5,192.168.1.100,TCP,20,80,51,' OR 1=1 --,Signature-SQLi
1757487084.7021637,10.0.0.5,192.168.1.100,TCP,20,80,51,' OR 1=1 --,Signature-SQLi
1757487084.7043505,10.0.0.5,192.168.1.100,TCP,20,80,51,' OR 1=1 --,Signature-SQLi
1757487084.7070322,10.0.0.5,192.168.1.100,TCP,20,80,51,' OR 1=1 --,Signature-SQLi
1757487084.709627,10.0.0.5,192.168.1.100,TCP,20,80,51,' OR 1=1 --,Signature-SQLi
1757487084.7118096,10.0.0.5,192.168.1.100,TCP,20,80,51,' OR 1=1 --,Signature-SQLi
1757487084.7140255,10.0.0.5,192.168.1.100,TCP,20,80,51,' OR 1=1 --,Signature-SQLi
1757487084.716368,10.0.0.5,192.168.1.100,TCP,20,80,51,' OR 1=1 --,Signature-SQLi
1757487084.7185867,10.0.0.5,192.168.1.100,TCP,20,80,69,<script>alert('xss')</script>,Signature-XSS
1757487084.7210405,10.0.0.5,192.168.1.100,TCP,20,80,69,<script>alert('xss')</script>,Signature-XSS
1757487084.7232459,10.0.0.5,192.168.1.100,TCP,20,80,69,<script>alert('xss')</script>,Signature-XSS
1757487084.7254755,10.0.0.5,192.168.1.100,TCP,20,80,69,<script>alert('xss')</script>,Signature-XSS
1757487084.7280421,10.0.0.5,192.168.1.100,TCP,20,80,69,<script>alert('xss')</script>,Signature-XSS
1757487084.7305446,10.0.0.5,192.168.1.100,TCP,20,80,69,<script>alert('xss')</script>,Signature-XSS
1757487084.7329354,10.0.0.5,192.168.1.100,TCP,20,80,69,<script>alert('xss')</script>,Signature-XSS
1757487084.7352881,10.0.0.5,192.168.1.100,TCP,20,80,69,<script>alert('xss')</script>,Signature-XSS
1757487084.7374907,10.0.0.5,192.168.1.100,TCP,20,80,69,<script>alert('xss')</script>,Signature-XSS
1757487084.7396863,10.0.0.5,192.168.1.100,TCP,20,80,69,<script>alert('xss')</script>,Signature-XSS
1757487084.742539,10.0.0.5,192.168.1.100,TCP,20,80,56,../../etc/passwd,Signature-Path Traversal
1757487084.7457495,10.0.0.5,192.168.1.100,TCP,20,80,56,../../etc/passwd,Signature-Path Traversal
1757487084.7484577,10.0.0.5,192.168.1.100,TCP,20,80,56,../../etc/passwd,Signature-Path Traversal
1757487084.7508125,10.0.0.5,192.168.1.100,TCP,20,80,56,../../etc/passwd,Signature-Path Traversal
1757487084.7530282,10.0.0.5,192.168.1.100,TCP,20,80,56,../../etc/passwd,Signature-Path Traversal
1757487084.755239,10.0.0.5,192.168.1.100,TCP,20,80,56,../../etc/passwd,Signature-Path Traversal
1757487084.7574344,10.0.0.5,192.168.1.100,TCP,20,80,56,../../etc/passwd,Signature-Path Traversal
1757487084.7596595,10.0.0.5,192.168.1.100,TCP,20,80,56,../../etc/passwd,Signature-Path Traversal
1757487084.7622774,10.0.0.5,192.168.1.100,TCP,20,80,56,../../etc/passwd,Signature-Path Traversal
1757487084.7646012,10.0.0.5,192.168.1.100,TCP,20,80,56,../../etc/passwd,Signature-Path Traversal
1757487084.7668276,10.0.0.5,192.168.1.100,TCP,20,80,48,rm -rf /,Signature-Command Injection
1757487084.7691135,10.0.0.5,192.168.1.100,TCP,20,80,48,rm -rf /,Signature-Command Injection
1757487084.771302,10.0.0.5,192.168.1.100,TCP,20,80,48,rm -rf /,Signature-Command Injection
1757487084.7735114,10.0.0.5,192.168.1.100,TCP,20,80,48,rm -rf /,Signature-Command Injection
1757487084.7757077,10.0.0.5,192.168.1.100,TCP,20,80,48,rm -rf /,Signature-Command Injection
1757487084.7790616,10.0.0.5,192.168.1.100,TCP,20,80,48,rm -rf /,Signature-Command Injection
1757487084.7814257,10.0.0.5,192.168.1.100,TCP,20,80,48,rm -rf /,Signature-Command Injection
1757487084.7836487,10.0.0.5,192.168.1.100,TCP,20,80,48,rm -rf /,Signature-Command Injection
1757487084.7858562,10.0.0.5,192.168.1.100,TCP,20,80,48,rm -rf /,Signature-Command Injection
1757487084.78814,10.0.0.5,192.168.1.100,TCP,20,80,48,rm -rf /,Signature-Command Injection
1757487084.7907083,172.16.0.99,192.168.1.100,UDP,53,53,61,FFFFFFFFFFFFFFFFFFFFFFFFFFFFFFFFF,Behavioral-DoS
1757487084.802542,172.16.0.99,192.168.1.100,UDP,53,53,68,FFFFFFFFFFFFFFFFFFFFFFFFFFFFFFFFFFFFFFFF,Behavioral-DoS
1757487084.8145828,172.16.0.99,192.168.1.100,UDP,53,53,48,FFFFFFFFFFFFFFFFFFFF,Behavioral-DoS
1757487084.8265119,172.16.0.99,192.168.1.100,UDP,53,53,58,FFFFFFFFFFFFFFFFFFFFFFFFFFFFFF,Behavioral-DoS
1757487084.8385403,172.16.0.99,192.168.1.100,UDP,53,53,66,FFFFFFFFFFFFFFFFFFFFFFFFFFFFFFFFFFFFFF,Behavioral-DoS
1757487084.850808,172.16.0.99,192.168.1.100,UDP,53,53,52,FFFFFFFFFFFFFFFFFFFFFFFF,Behavioral-DoS
1757487084.8629832,172.16.0.99,192.168.1.100,UDP,53,53,48,FFFFFFFFFFFFFFFFFFFF,Behavioral-DoS
1757487084.8749669,172.16.0.99,192.168.1.100,UDP,53,53,75,FFFFFFFFFFFFFFFFFFFFFFFFFFFFFFFFFFFFFFFFFFFFFFF,Behavioral-DoS
1757487084.889899,172.16.0.99,192.168.1.100,UDP,53,53,68,FFFFFFFFFFFFFFFFFFFFFFFFFFFFFFFFFFFFFFFF,Behavioral-DoS
1757487084.9016683,172.16.0.99,192.168.1.100,UDP,53,53,47,FFFFFFFFFFFFFFFFFFF,Behavioral-DoS
1757487084.9140375,172.16.0.99,192.168.1.100,UDP,53,53,55,FFFFFFFFFFFFFFFFFFFFFFFFFFF,Behavioral-DoS
1757487084.9260828,172.16.0.99,192.168.1.100,UDP,53,53,72,FFFFFFFFFFFFFFFFFFFFFFFFFFFFFFFFFFFFFFFFFFFF,Behavioral-DoS
1757487084.9377997,172.16.0.99,192.168.1.100,UDP,53,53,78,FFFFFFFFFFFFFFFFFFFFFFFFFFFFFFFFFFFFFFFFFFFFFFFFFF,Behavioral-DoS
1757487084.9502451,172.16.0.99,192.168.1.100,UDP,53,53,74,FFFFFFFFFFFFFFFFFFFFFFFFFFFFFFFFFFFFFFFFFFFFFF,Behavioral-DoS
1757487084.9617662,172.16.0.99,192.168.1.100,UDP,53,53,74,FFFFFFFFFFFFFFFFFFFFFFFFFFFFFFFFFFFFFFFFFFFFFF,Behavioral-DoS
1757487084.9734564,172.16.0.99,192.168.1.100,UDP,53,53,60,FFFFFFFFFFFFFFFFFFFFFFFFFFFFFFFF,Behavioral-DoS
1757487084.9854536,172.16.0.99,192.168.1.100,UDP,53,53,50,FFFFFFFFFFFFFFFFFFFFFF,Behavioral-DoS
1757487084.9975913,172.16.0.99,192.168.1.100,UDP,53,53,57,FFFFFFFFFFFFFFFFFFFFFFFFFFFFF,Behavioral-DoS
1757487085.009326,172.16.0.99,192.168.1.100,UDP,53,53,48,FFFFFFFFFFFFFFFFFFFF,Behavioral-DoS
1757487085.0207515,172.16.0.99,192.168.1.100,UDP,53,53,71,FFFFFFFFFFFFFFFFFFFFFFFFFFFFFFFFFFFFFFFFFFF,Behavioral-DoS
1757487085.032672,172.16.0.99,192.168.1.100,UDP,53,53,55,FFFFFFFFFFFFFFFFFFFFFFFFFFF,Behavioral-DoS
1757487085.0445092,172.16.0.99,192.168.1.100,UDP,53,53,45,FFFFFFFFFFFFFFFFF,Behavioral-DoS
1757487085.0563004,172.16.0.99,192.168.1.100,UDP,53,53,41,FFFFFFFFFFFFF,Behavioral-DoS
1757487085.0683484,172.16.0.99,192.168.1.100,UDP,53,53,54,FFFFFFFFFFFFFFFFFFFFFFFFFF,Behavioral-DoS
1757487085.0801275,172.16.0.99,192.168.1.100,UDP,53,53,47,FFFFFFFFFFFFFFFFFFF,Behavioral-DoS
1757487085.092796,172.16.0.123,192.168.1.100,TCP,20,1,40,,Behavioral-PortScan
1757487085.0960336,172.16.0.123,192.168.1.100,TCP,20,2,40,,Behavioral-PortScan
1757487085.098154,172.16.0.123,192.168.1.100,TCP,20,3,40,,Behavioral-PortScan
1757487085.100117,172.16.0.123,192.168.1.100,TCP,20,4,40,,Behavioral-PortScan
1757487085.1021578,172.16.0.123,192.168.1.100,TCP,20,5,40,,Behavioral-PortScan
1757487085.1041074,172.16.0.123,192.168.1.100,TCP,20,6,40,,Behavioral-PortScan
1757487085.1061404,172.16.0.123,192.168.1.100,TCP,20,7,40,,Behavioral-PortScan
1757487085.1081078,172.16.0.123,192.168.1.100,TCP,20,8,40,,Behavioral-PortScan
1757487085.1106064,172.16.0.123,192.168.1.100,TCP,20,9,40,,Behavioral-PortScan
1757487085.1130698,172.16.0.123,192.168.1.100,TCP,20,10,40,,Behavioral-PortScan
1757487085.1151333,172.16.0.123,192.168.1.100,TCP,20,11,40,,Behavioral-PortScan
1757487085.1175427,172.16.0.123,192.168.1.100,TCP,20,12,40,,Behavioral-PortScan
1757487085.1195588,172.16.0.123,192.168.1.100,TCP,20,13,40,,Behavioral-PortScan
1757487085.1215878,172.16.0.123,192.168.1.100,TCP,20,14,40,,Behavioral-PortScan
1757487085.1236103,172.16.0.123,192.168.1.100,TCP,20,15,40,,Behavioral-PortScan
